filename,i,run_time,total_loss,content_loss,style_loss,learning_rate,iters,alpha,beta,noise_ratio,optimizer,new_width,pool_method,pool_stride,last_style_loss_layer_w,style_num_layers,content_layer_num
tubingen_scream_w300_i40_lr2.0_alpha1_beta1000_nr0.1_lbfgs_avg_ps2_sllw0.2_snl5_cln4_time0.3.jpg,40,0.26993449330329894,1898079488.0,0.030751802027225494,1898079.5,2.0,40,1,1000,0.1,lbfgs,300,avg,2,,5,4
tubingen_composition7_w300_i300_lr1.0_alpha1_beta1000_nr0.6_lbfgs_avg_ps2_sllw0.2_snl5_cln4_time0.1.jpg,300,0.13465672731399536,359424096.0,0.06217304244637489,359424.09375,1.0,300,1,1000,0.6,lbfgs,300,avg,2,,5,4
tubingen_starry_night_w300_i50_lr1.0_alpha1_beta100_nr0.1_lbfgs_avg_ps2_sllw0.2_snl5_cln4_time0.2.jpg,50,0.21783182621002198,53831736.0,0.03201690688729286,538317.375,1.0,50,1,100,0.1,lbfgs,300,avg,2,,5,4
tubingen_shipwreck_w300_i100_lr1.0_alpha1_beta5_nr0.1_lbfgs_avg_ps2_sllw0.2_snl5_cln4_time0.2.jpg,100,0.20719899415969847,1724544.5,0.02912406250834465,344908.90625,1.0,100,1,5,0.1,lbfgs,300,avg,2,,5,4
tubingen_seated_nude_w300_i50_lr1.0_alpha1_beta100_nr0.6_lbfgs_avg_ps2_sllw0.2_snl5_cln4_time0.3.jpg,50,0.2685446548461914,84115672.0,0.024270977824926376,841156.75,1.0,50,1,100,0.6,lbfgs,300,avg,2,,5,4
csjl_starry_night_w300_i70_lr1.0_alpha1_beta10_nr0.6_lbfgs_avg_ps2_sllw0.2_snl5_cln4_time0.3.jpg,70,0.279866886138916,5259592.5,0.04592427611351013,525959.25,1.0,70,1,10,0.6,lbfgs,300,avg,2,,5,4
csjl_starry_night_w300_i0_lr1.0_alpha1_beta10_nr0.6_adam_avg_ps2_sllw0.2_snl5_cln4_time0.0.jpg,0,0,1444109824.0,0.020940732210874557,144410976.0,1.0,200,1,10,0.6,adam,300,avg,2,,5,4
csjl_starry_night_w300_i100_lr1.0_alpha1_beta10_nr0.6_adam_avg_ps2_sllw0.2_snl5_cln4_time0.0.jpg,100,0,37507104.0,0.03583734855055809,3750710.25,1.0,200,1,10,0.6,adam,300,avg,2,,5,4
csjl_starry_night_w300_i200_lr1.0_alpha1_beta10_nr0.6_adam_avg_ps2_sllw0.2_snl5_cln4_time0.1.jpg,200,0.09015669345855713,37507104.0,0.03583734855055809,3750710.25,1.0,200,1,10,0.6,adam,300,avg,2,,5,4
